1,   P,   P,4,   P,6,   P,8,9,10
   P,12,   P,14,15,16,   P,18,   P,20
21,22,   P,24,25,26,27,28,   P,30
   P,32,33,34,35,36,   P,38,39,40
   P,42,   P,44,45,46,   P,48,49,50
51,52,   P,54,55,56,57,58,   P,60
   P,62,63,64,65,66,   P,68,69,70
   P,72,   P,74,75,76,77,78,   P,80
81,82,   P,84,85,86,87,88,   P,90
91,92,93,94,95,96,   P,98,99,100
   P,102,   P,104,105,106,   P,108,   P,110
111,112,   P,114,115,116,117,118,119,120
121,122,123,124,125,126,   P,128,129,130
   P,132,133,134,135,136,   P,138,   P,140
141,142,143,144,145,146,147,148,   P,150
   P,152,153,154,155,156,   P,158,159,160
161,162,   P,164,165,166,   P,168,169,170
171,172,   P,174,175,176,177,178,   P,180
   P,182,183,184,185,186,187,188,189,190
   P,192,   P,194,195,196,   P,198,   P,200